Policy,Cumulative emissions (MtCO2),2050 emissions (MtCO2)
Power policies,92970.12722124779,3328.7428114111235
Heat policies,12144.176935955467,694.2141705943793
Transport policies,49536.91883710377,2095.2831882365185
Freight policies,29492.14775547503,2777.578231035995
Combined policies,0.0,0.0
Remaining emissions,289976.22181349504,3668.486642048645
