Policy,Cumulative emissions (MtCO2),2050 emissions (MtCO2)
Power policies,103884.51382744467,3746.2400709089293
Heat policies,15867.804315296326,845.1440769091197
Transport policies,51226.72455688511,2121.0239601517756
Freight policies,30121.465938067544,2818.3449449368322
Combined policies,15434.029729785776,467.865583429857
Remaining emissions,257585.05419579768,2565.6864069901476
