Policy,Cumulative emissions (MtCO2),2050 emissions (MtCO2)
Power policies,99711.11061662942,3474.282214810206
Heat policies,15543.820101847698,820.7129393522155
Transport policies,40702.80341819342,2027.2773061003318
Freight policies,60221.177738099475,4815.241640650616
Combined policies,9983.099975894322,343.2397171051234
Remaining emissions,270586.6065348231,3312.6203195278686
