Policy,Cumulative emissions (MtCO2),2050 emissions (MtCO2)
Power policies,136826.3273292624,4773.333744631382
Heat policies,27933.49312341475,1480.2318987988965
Transport policies,33283.59712372132,1731.851351747384
Freight policies,14516.6862555173,1528.1164280458033
Combined policies,14660.179042330827,507.125724653235
Remaining emissions,246331.47914982692,2207.261734118909
