,2025,2035,Powertrain,Vehicle category
0,117.16,85.69169611619176,BEV,MDT
1,29.1,28.47104678352934,Diesel,MDT
