Model,Crossover Year
FTT:P,2020.4097565028667
FTT:H,2021.0337763964153
FTT:Tr,2020
FTT:Fr,2026.4999841410163
