Model,Crossover Year
FTT:P,2020.4006314434064
FTT:H,2021.035965167119
FTT:Tr,2020
FTT:Fr,2027.1571349270607
