Model,Crossover Year
FTT:P,2021
FTT:H,2021.0335536954267
FTT:Tr,2022.083168872965
FTT:Fr,2025.9450460708847
