Model,Crossover Year
FTT:P,2021
FTT:H,2021
FTT:Tr,2022.5400653722336
FTT:Fr,2026.5009747478002
