Model,Crossover Year
FTT:P,2021
FTT:H,2021.0345033399626
FTT:Tr,2022.5480941528124
FTT:Fr,2026.5163584473341
