Model,Crossover Year
FTT:P,2020.4368930943185
FTT:H,2021.0338247489433
FTT:Tr,2020
FTT:Fr,2026.5009063548491
