Model,Crossover Year
FTT:P,2021
FTT:H,2021.0337763964153
FTT:Tr,2022.5175533664349
FTT:Fr,2026.4999841410163
