Model,Crossover Year
FTT:P,2020.4364024982904
FTT:H,2020.7762427224113
FTT:Tr,2020
FTT:Fr,2026.5009747478002
