Model,Crossover Year
FTT:P,2020.3343019676909
FTT:H,2021.0335536954267
FTT:Tr,2020
FTT:Fr,2025.9450460708847
