"Variable Name","ZWFC"
"Desc","FTT-Fr Fuel cost"
"Unit","$/km"
"Type","Levels"
"scenario","dimension","dimension2","dimension3","2010","2011","2012","2013","2014","2015","2016","2017","2018","2019","2020","2021","2022","2023","2024","2025","2026","2027","2028","2029","2030","2031","2032","2033","2034","2035","2036","2037","2038","2039","2040","2041","2042","2043","2044","2045","2046","2047","2048","2049","2050"
"S0","42 India (IN)","BEV MDT","None",0.075,0.075,0.075,0.075,0.075,0.075,0.075,0.075,0.075,0.075,0.075,0.075,0.075,0.075,0.0754099772125482,0.07389319062658911,0.07310327424404511,0.07219557506123446,0.07120064102192114,0.07016471782804853,0.06883040262586122,0.06819136652436054,0.06784535713287268,0.06769289278234276,0.06744657913964348,0.06696817860372876,0.0658953369941842,0.06463646348476168,0.06326460676566727,0.06184997932877342,0.06041200889776963,0.05900128282672545,0.0576516867766009,0.05633374681939961,0.05505112698782136,0.053856484087263096,0.052726715581479316,0.05165407563857607,0.05065094430245353,0.04976245904724246,0.04893637887096245
"S0","42 India (IN)","Diesel MDT","None",0.221,0.221,0.221,0.221,0.221,0.221,0.221,0.221,0.221,0.221,0.221,0.221,0.221,0.221,0.221,0.221,0.221,0.221,0.221,0.221,0.221,0.221,0.221,0.221,0.221,0.221,0.221,0.221,0.221,0.221,0.221,0.221,0.221,0.221,0.221,0.221,0.221,0.221,0.221,0.221,0.221
